 , , , , , , , , , , , , , , , , , , , , , , , , , , , , , , , , , , , , , , , , , , , , , , ,2,0,1,4,"
","
", , , , , , ,J,a,n,u,a,r,y, , , , , , , , , , , , , , , , , , , ,F,e,b,r,u,a,r,y, , , , , , , , , , , , , , , , , , , ,M,a,r,c,h, , , , , , , , , , , , , , , , , , , , , ,A,p,r,i,l,"
",M,o, ,T,u, ,W,e, ,T,h, ,F,r, ,S,a, ,S,u, , , , , , ,M,o, ,T,u, ,W,e, ,T,h, ,F,r, ,S,a, ,S,u, , , , , , ,M,o, ,T,u, ,W,e, ,T,h, ,F,r, ,S,a, ,S,u, , , , , , ,M,o, ,T,u, ,W,e, ,T,h, ,F,r, ,S,a, ,S,u,"
", , , , , , , ,1, , ,2, , ,3, , ,4, , ,5, , , , , , , , , , , , , , , , , , , , , , ,1, , ,2, , , , , , , , , , , , , , , , , , , , , , ,1, , ,2, , , , , , , , , , ,1, , ,2, , ,3, , ,4, , ,5, , ,6,"
", ,6, , ,7, , ,8, , ,9, ,1,0, ,1,1, ,1,2, , , , , , , ,3, , ,4, , ,5, , ,6, , ,7, , ,8, , ,9, , , , , , , ,3, , ,4, , ,5, , ,6, , ,7, , ,8, , ,9, , , , , , , ,7, , ,8, , ,9, ,1,0, ,1,1, ,1,2, ,1,3,"
",1,3, ,1,4, ,1,5, ,1,6, ,1,7, ,1,8, ,1,9, , , , , , ,1,0, ,1,1, ,1,2, ,1,3, ,1,4, ,1,5, ,1,6, , , , , , ,1,0, ,1,1, ,1,2, ,1,3, ,1,4, ,1,5, ,1,6, , , , , , ,1,4, ,1,5, ,1,6, ,1,7, ,1,8, ,1,9, ,2,0,"
",2,0, ,2,1, ,2,2, ,2,3, ,2,4, ,2,5, ,2,6, , , , , , ,1,7, ,1,8, ,1,9, ,2,0, ,2,1, ,2,2, ,2,3, , , , , , ,1,7, ,1,8, ,1,9, ,2,0, ,2,1, ,2,2, ,2,3, , , , , , ,2,1, ,2,2, ,2,3, ,2,4, ,2,5, ,2,6, ,2,7,"
",2,7, ,2,8, ,2,9, ,3,0, ,3,1, , , , , , , , , , , , ,2,4, ,2,5, ,2,6, ,2,7, ,2,8, , , , , , , , , , , , ,2,4, ,2,5, ,2,6, ,2,7, ,2,8, ,2,9, ,3,0, , , , , , ,2,8, ,2,9, ,3,0,"
", , , , , , , , , , , , , , , , , , , , , , , , , , , , , , , , , , , , , , , , , , , , , , , , , , , , ,3,1,"
","
", , , , , , , , ,M,a,y, , , , , , , , , , , , , , , , , , , , , , , ,J,u,n,e, , , , , , , , , , , , , , , , , , , , , , ,J,u,l,y, , , , , , , , , , , , , , , , , , , , , ,A,u,g,u,s,t,"
",M,o, ,T,u, ,W,e, ,T,h, ,F,r, ,S,a, ,S,u, , , , , , ,M,o, ,T,u, ,W,e, ,T,h, ,F,r, ,S,a, ,S,u, , , , , , ,M,o, ,T,u, ,W,e, ,T,h, ,F,r, ,S,a, ,S,u, , , , , , ,M,o, ,T,u, ,W,e, ,T,h, ,F,r, ,S,a, ,S,u,"
", , , , , , , , , , ,1, , ,2, , ,3, , ,4, , , , , , , , , , , , , , , , , , , , , , , , , ,1, , , , , , , , , , ,1, , ,2, , ,3, , ,4, , ,5, , ,6, , , , , , , , , , , , , , , , , , , ,1, , ,2, , ,3,"
", ,5, , ,6, , ,7, , ,8, , ,9, ,1,0, ,1,1, , , , , , , ,2, , ,3, , ,4, , ,5, , ,6, , ,7, , ,8, , , , , , , ,7, , ,8, , ,9, ,1,0, ,1,1, ,1,2, ,1,3, , , , , , , ,4, , ,5, , ,6, , ,7, , ,8, , ,9, ,1,0,"
",1,2, ,1,3, ,1,4, ,1,5, ,1,6, ,1,7, ,1,8, , , , , , , ,9, ,1,0, ,1,1, ,1,2, ,1,3, ,1,4, ,1,5, , , , , , ,1,4, ,1,5, ,1,6, ,1,7, ,1,8, ,1,9, ,2,0, , , , , , ,1,1, ,1,2, ,1,3, ,1,4, ,1,5, ,1,6, ,1,7,"
",1,9, ,2,0, ,2,1, ,2,2, ,2,3, ,2,4, ,2,5, , , , , , ,1,6, ,1,7, ,1,8, ,1,9, ,2,0, ,2,1, ,2,2, , , , , , ,2,1, ,2,2, ,2,3, ,2,4, ,2,5, ,2,6, ,2,7, , , , , , ,1,8, ,1,9, ,2,0, ,2,1, ,2,2, ,2,3, ,2,4,"
",2,6, ,2,7, ,2,8, ,2,9, ,3,0, ,3,1, , , , , , , , , ,2,3, ,2,4, ,2,5, ,2,6, ,2,7, ,2,8, ,2,9, , , , , , ,2,8, ,2,9, ,3,0, ,3,1, , , , , , , , , , , , , , , ,2,5, ,2,6, ,2,7, ,2,8, ,2,9, ,3,0, ,3,1,"
", , , , , , , , , , , , , , , , , , , , , , , , , , ,3,0,"
","
", , , , , ,S,e,p,t,e,m,b,e,r, , , , , , , , , , , , , , , , , , ,O,c,t,o,b,e,r, , , , , , , , , , , , , , , , , , , ,N,o,v,e,m,b,e,r, , , , , , , , , , , , , , , , , , ,D,e,c,e,m,b,e,r,"
",M,o, ,T,u, ,W,e, ,T,h, ,F,r, ,S,a, ,S,u, , , , , , ,M,o, ,T,u, ,W,e, ,T,h, ,F,r, ,S,a, ,S,u, , , , , , ,M,o, ,T,u, ,W,e, ,T,h, ,F,r, ,S,a, ,S,u, , , , , , ,M,o, ,T,u, ,W,e, ,T,h, ,F,r, ,S,a, ,S,u,"
", ,1, , ,2, , ,3, , ,4, , ,5, , ,6, , ,7, , , , , , , , , , , , , ,1, , ,2, , ,3, , ,4, , ,5, , , , , , , , , , , , , , , , , , , , , , ,1, , ,2, , , , , , , ,1, , ,2, , ,3, , ,4, , ,5, , ,6, , ,7,"
", ,8, , ,9, ,1,0, ,1,1, ,1,2, ,1,3, ,1,4, , , , , , , ,6, , ,7, , ,8, , ,9, ,1,0, ,1,1, ,1,2, , , , , , , ,3, , ,4, , ,5, , ,6, , ,7, , ,8, , ,9, , , , , , , ,8, , ,9, ,1,0, ,1,1, ,1,2, ,1,3, ,1,4,"
",1,5, ,1,6, ,1,7, ,1,8, ,1,9, ,2,0, ,2,1, , , , , , ,1,3, ,1,4, ,1,5, ,1,6, ,1,7, ,1,8, ,1,9, , , , , , ,1,0, ,1,1, ,1,2, ,1,3, ,1,4, ,1,5, ,1,6, , , , , , ,1,5, ,1,6, ,1,7, ,1,8, ,1,9, ,2,0, ,2,1,"
",2,2, ,2,3, ,2,4, ,2,5, ,2,6, ,2,7, ,2,8, , , , , , ,2,0, ,2,1, ,2,2, ,2,3, ,2,4, ,2,5, ,2,6, , , , , , ,1,7, ,1,8, ,1,9, ,2,0, ,2,1, ,2,2, ,2,3, , , , , , ,2,2, ,2,3, ,2,4, ,2,5, ,2,6, ,2,7, ,2,8,"
",2,9, ,3,0, , , , , , , , , , , , , , , , , , , , , ,2,7, ,2,8, ,2,9, ,3,0, ,3,1, , , , , , , , , , , , ,2,4, ,2,5, ,2,6, ,2,7, ,2,8, ,2,9, ,3,0, , , , , , ,2,9, ,3,0, ,3,1,"
"
